apDistance,staSpeed,moveStart,udpRate,pktSize,seed,run,rxBytes,goodputbps,roamTime
30.000000,0.500000,5.000000,20Mbps,1200,1,1,61221600,17491885.714286,-1.000000
30.000000,1.000000,5.000000,20Mbps,1200,1,2,60076800,17164800.000000,26.900000
30.000000,2.000000,5.000000,20Mbps,1200,1,3,59941200,17126057.142857,18.100000
